Team ID,Club Name,Series,Full Name,Email,Phone
nndz-WkNld3liNzY%3D,Glen Ellyn,1,Glen Ellyn - 1,,
nndz-WkNld3hyenc%3D,Glen View,1,Glen View - 1,,
nndz-WkNld3liL3g%3D,Hinsdale PC,1,Hinsdale PC - 1,,
nndz-WkNld3liN3g%3D,Lakeshore S&amp;F,1,Lakeshore S&amp;F - 1,,
nndz-WkNLd3dMYng%3D,Lifesport-Lshire,1,Lifesport-Lshire - 1,,
nndz-WkNld3liejU%3D,Michigan Shores,1,Michigan Shores - 1,,
nndz-WkNld3hyZng%3D,Westmoreland,1,Westmoreland - 1,,
nndz-WkNld3liejc%3D,Wilmette PD,1,Wilmette PD - 1,,
nndz-WkNld3liLy8%3D,Birchwood,2,Birchwood - 2,,
nndz-WkNld3hyMzU%3D,Knollwood,2,Knollwood - 2,,
nndz-WkNDOXhyL3g%3D,Ruth Lake,2,Ruth Lake - 2,,
nndz-WkNld3liMzQ%3D,Saddle &amp; Cycle,2,Saddle &amp; Cycle - 2,,
nndz-WkNld3liMzc%3D,Salt Creek,2,Salt Creek - 2,,
nndz-WkNld3hyZis%3D,Sunset Ridge,2,Sunset Ridge - 2,,
nndz-WkNTNXdMbjc%3D,Wilmette PD,2,Wilmette PD - 2,,
nndz-WkM2OHhiYjQ%3D,Winnetka,2,Winnetka - 2,,
nndz-WkNld3liNzc%3D,Evanston,3,Evanston - 3,,
nndz-WkM2OHhMbjc%3D,Hinsdale GC,3,Hinsdale GC - 3,,
nndz-WkNld3hyZi8%3D,Hinsdale PC,3,Hinsdale PC - 3,,
nndz-WkNld3liL3c%3D,Lake Shore CC,3,Lake Shore CC - 3,,
nndz-WkNld3lieng%3D,Lakeshore S&amp;F,3,Lakeshore S&amp;F - 3,,
nndz-WkNld3liLzU%3D,Northmoor,3,Northmoor - 3,,
nndz-WkNld3hyZjk%3D,Skokie,3,Skokie - 3,,
nndz-WkNTNXdMais%3D,South Barrington,3,South Barrington - 3,,
nndz-WkNld3liLzY%3D,Winnetka,3,Winnetka - 3,,
nndz-WkNDOXg3ajQ%3D,Winter Club,3,Winter Club - 3,,
nndz-WkNld3liejg%3D,Birchwood,4,Birchwood - 4,,
nndz-WkNld3liMzg%3D,Hawthorn Woods,4,Hawthorn Woods - 4,,
nndz-WkNld3liNy8%3D,Indian Hill,4,Indian Hill - 4,,
nndz-WkNld3liNys%3D,Lake Bluff,4,Lake Bluff - 4,,
nndz-WkNLd3dMZjk%3D,Lake Forest,4,Lake Forest - 4,,
nndz-WkNld3liN3c%3D,Midtown - Chicago,4,Midtown - Chicago - 4,,
nndz-WkNld3liMy8%3D,North Shore,4,North Shore - 4,,
nndz-WkNld3liMzk%3D,River Forest PD,4,River Forest PD - 4,,
nndz-WkNLeHlidjY%3D,Valley Lo,4,Valley Lo - 4,,
nndz-WkNTL3dyajk%3D,Winnetka,4,Winnetka - 4,,
nndz-WkNTNXc3bi8%3D,Edgewood Valley,5,Edgewood Valley - 5,,
nndz-WkNld3liM3g%3D,Hinsdale PC,5,Hinsdale PC - 5,,
nndz-WkMrL3dycjY%3D,Lifesport-Lshire,5,Lifesport-Lshire - 5,,
nndz-WkMrL3dycjk%3D,Royal Melbourne,5,Royal Melbourne - 5,,
nndz-WkNTNXdMang%3D,Westmoreland,5,Westmoreland - 5,,
nndz-WkNld3liYjk%3D,Wilmette PD I,5,Wilmette PD I - 5,,
nndz-WkNld3liang%3D,Wilmette PD II,5,Wilmette PD II - 5,,
nndz-WkNDOXg3Zis%3D,Winnetka,5,Winnetka - 5,,
nndz-WkNld3liajQ%3D,Birchwood,6,Birchwood - 6,,
nndz-WkNld3liejk%3D,Exmoor,6,Exmoor - 6,,
nndz-WkNDOXhyL3c%3D,Glen Ellyn,6,Glen Ellyn - 6,,
nndz-WkNLd3dMZjc%3D,Lake Bluff,6,Lake Bluff - 6,,
nndz-WkNld3lMMy8%3D,Lakeshore S&amp;F,6,Lakeshore S&amp;F - 6,,
nndz-WkNld3licnc%3D,Michigan Shores,6,Michigan Shores - 6,,
nndz-WkNld3licjc%3D,Tennaqua,6,Tennaqua - 6,,
nndz-WkNld3liLzg%3D,Wilmette PD,6,Wilmette PD - 6,,
nndz-WkMrL3dyZjk%3D,Winnetka I,6,Winnetka I - 6,,
nndz-WkMrL3dyZjg%3D,Winnetka II,6,Winnetka II - 6,,
nndz-WkNld3liei8%3D,Briarwood,7,Briarwood - 7,,
nndz-WkNld3liajY%3D,Evanston,7,Evanston - 7,,
nndz-WkNld3liNzk%3D,Glen View,7,Glen View - 7,,
nndz-WkNld3libjg%3D,Lakeshore S&amp;F,7,Lakeshore S&amp;F - 7,,
nndz-WkNld3liLzQ%3D,Onwentsia,7,Onwentsia - 7,,
nndz-WkNLd3dMZjU%3D,Sunset Ridge,7,Sunset Ridge - 7,,
nndz-WkNTL3dyajg%3D,Tennaqua,7,Tennaqua - 7,,
nndz-WkNld3libjU%3D,Westmoreland,7,Westmoreland - 7,,
nndz-WkNTNXc3Mys%3D,Glen Ellyn,7,Glen Ellyn - 7 SW,,
nndz-WkNTNXc3bjU%3D,Hinsdale PC,7,Hinsdale PC - 7 SW,,
nndz-WkNTNXc3bis%3D,LaGrange CC,7,LaGrange CC - 7 SW,,
nndz-WkNTNXc3bjk%3D,Medinah,7,Medinah - 7 SW,,
nndz-WkNDOXhyejU%3D,River Forest PD,7,River Forest PD - 7 SW,,
nndz-WkNTNXc3cjU%3D,Ruth Lake,7,Ruth Lake - 7 SW,,
nndz-WkNld3hyeis%3D,Salt Creek I,7,Salt Creek I - 7 SW,,
nndz-WkNTNXc3anc%3D,Salt Creek II,7,Salt Creek II - 7 SW,,
nndz-WkMrL3dyZi8%3D,BYE,8,BYE - 8,,
nndz-WkNDOXhyejQ%3D,Knollwood,8,Knollwood - 8,,
nndz-WkM2OHhybi8%3D,Lake Bluff,8,Lake Bluff - 8,,
nndz-WkNLd3dMZis%3D,LifeSport-Lshire,8,LifeSport-Lshire - 8,,
nndz-WkNld3lMNzk%3D,Midtown - Chicago,8,Midtown - Chicago - 8,,
nndz-WkNTNXdMai8%3D,Skokie,8,Skokie - 8,,
nndz-WkNLd3dMZjQ%3D,South Barrington,8,South Barrington - 8,,
nndz-WkNld3lidjc%3D,Tennaqua,8,Tennaqua - 8,,
nndz-WkNld3lMM3g%3D,Wilmette PD,8,Wilmette PD - 8,,
nndz-WkNLd3dMZi8%3D,Winnetka,8,Winnetka - 8,,
nndz-WkNDOXg3Znc%3D,Bryn Mawr,9,Bryn Mawr - 9,,
nndz-WkNld3liM3c%3D,Indian Hill,9,Indian Hill - 9,,
nndz-WkNLd3c3NzU%3D,Lake Forest,9,Lake Forest - 9,,
nndz-WkMrL3dyZng%3D,Lifesport-Lshire,9,Lifesport-Lshire - 9,,
nndz-WkNld3lMMys%3D,Park Ridge CC,9,Park Ridge CC - 9,,
nndz-WkNld3lidjg%3D,Saddle &amp; Cycle,9,Saddle &amp; Cycle - 9,,
nndz-WkNld3lidi8%3D,Sunset Ridge,9,Sunset Ridge - 9,,
nndz-WkNld3liLzc%3D,Valley Lo,9,Valley Lo - 9,,
nndz-WkNld3libnc%3D,Westmoreland,9,Westmoreland - 9,,
nndz-WkMrL3hiNzU%3D,Winnetka I,9,Winnetka I - 9,,
nndz-WkNld3licis%3D,Winnetka II,9,Winnetka II - 9,,
nndz-WkNTNXdManc%3D,Winter Club,9,Winter Club - 9,,
nndz-WkNld3liMys%3D,Butterfield,9,Butterfield - 9 SW,,
nndz-WkNTNXc3My8%3D,Chicago Highlands,9,Chicago Highlands - 9 SW,,
nndz-WkNTNXc3ai8%3D,Glen Ellyn I,9,Glen Ellyn I - 9 SW,,
nndz-WkMrL3hiL3g%3D,Glen Ellyn II,9,Glen Ellyn II - 9 SW,,
nndz-WkNTNXdMajk%3D,Hinsdale PC I,9,Hinsdale PC I - 9 SW,,
nndz-WkNTNXc3M3g%3D,Hinsdale PC II,9,Hinsdale PC II - 9 SW,,
nndz-WkNDOXg3Yjc%3D,Oak Park CC,9,Oak Park CC - 9 SW,,
nndz-WkM2L3dMejg%3D,Ruth Lake,9,Ruth Lake - 9 SW,,
nndz-WkNLd3c3Nzc%3D,Evanston,10,Evanston - 10,,
nndz-WkNld3liZjU%3D,Exmoor,10,Exmoor - 10,,
nndz-WkMrL3dyZnc%3D,Knollwood,10,Knollwood - 10,,
nndz-WkNLd3c3NzQ%3D,Midtown - Chicago,10,Midtown - Chicago - 10,,
nndz-WkNld3liYis%3D,Prairie Club I,10,Prairie Club I - 10,,
nndz-WkNDOXhyejc%3D,Prairie Club II,10,Prairie Club II - 10,,
nndz-WkNLd3dMZnc%3D,Westmoreland,10,Westmoreland - 10,,
nndz-WkNTNXdiLzg%3D,Wilmette PD I,10,Wilmette PD I - 10,,
nndz-WkNPOHhyajc%3D,Wilmette PD II,10,Wilmette PD II - 10,,
nndz-WkNld3lianc%3D,Winnetka,10,Winnetka - 10,,
nndz-WkNLd3dMYnc%3D,Birchwood,11,Birchwood - 11,,
nndz-WkMrL3hiNzQ%3D,Lifesport-Lshire,11,Lifesport-Lshire - 11,,
nndz-WkNLd3dMZng%3D,Prairie Club,11,Prairie Club - 11,,
nndz-WkNld3liMzY%3D,Valley Lo,11,Valley Lo - 11,,
nndz-WkNld3lMcis%3D,Wilmette PD I,11,Wilmette PD I - 11,,
nndz-WkNld3lMai8%3D,Wilmette PD II,11,Wilmette PD II - 11,,
nndz-WkNDOXhyNzY%3D,Winnetka,11,Winnetka - 11,,
nndz-WkNLd3c3Nzk%3D,Winter Club,11,Winter Club - 11,,
nndz-WkNTNXdMZnc%3D,Glen Ellyn,11,Glen Ellyn - 11 SW,,
nndz-WkNPOHhyang%3D,Glen Oak,11,Glen Oak - 11 SW,,
nndz-WkNTNXc3bjg%3D,Hinsdale GC,11,Hinsdale GC - 11 SW,,
nndz-WkNTNXc3bjQ%3D,Hinsdale PC I,11,Hinsdale PC I - 11 SW,,
nndz-WkNTNXc3M3c%3D,Hinsdale PC II,11,Hinsdale PC II - 11 SW,,
nndz-WkNTNXc3djQ%3D,LaGrange CC,11,LaGrange CC - 11 SW,,
nndz-WkNTNXc3Ny8%3D,River Forest PD I,11,River Forest PD I - 11 SW,,
nndz-WkNTNXc3cjY%3D,River Forest PD II,11,River Forest PD II - 11 SW,,
nndz-WkNld3liZng%3D,Barrington Hills CC,12,Barrington Hills CC - 12,,
nndz-WkNld3lMNy8%3D,Briarwood,12,Briarwood - 12,,
nndz-WkNld3libjQ%3D,Hawthorn Woods,12,Hawthorn Woods - 12,,
nndz-WkNPOHhybjg%3D,Inverness,12,Inverness - 12,,
nndz-WkNld3liajk%3D,Knollwood,12,Knollwood - 12,,
nndz-WkNld3lMcjc%3D,Lakeshore S&amp;F,12,Lakeshore S&amp;F - 12,,
nndz-WkNld3lidnc%3D,North Shore,12,North Shore - 12,,
nndz-WkNld3libi8%3D,Skokie,12,Skokie - 12,,
nndz-WkNld3liYng%3D,South Barrington,12,South Barrington - 12,,
nndz-WkNld3liYnc%3D,Tennaqua,12,Tennaqua - 12,,
nndz-WkNTL3dyYjU%3D,Birchwood,13,Birchwood - 13,,
nndz-WkNld3lML3c%3D,Indian Hill,13,Indian Hill - 13,,
nndz-WkNld3liYjQ%3D,Lakeshore S&amp;F,13,Lakeshore S&amp;F - 13,,
nndz-WkMrL3hiNzY%3D,Lifesport-Lshire,13,Lifesport-Lshire - 13,,
nndz-WkNld3liYjc%3D,Michigan Shores,13,Michigan Shores - 13,,
nndz-WkNld3licjg%3D,Northmoor,13,Northmoor - 13,,
nndz-WkMrL3hiNzk%3D,Royal Melbourne,13,Royal Melbourne - 13,,
nndz-WkNld3libis%3D,Sunset Ridge,13,Sunset Ridge - 13,,
nndz-WkNld3liajU%3D,Valley Lo,13,Valley Lo - 13,,
nndz-WkNld3lMNzY%3D,Wilmette PD,13,Wilmette PD - 13,,
nndz-WkNld3liZi8%3D,Winnetka I,13,Winnetka I - 13,,
nndz-WkMrL3hiNzg%3D,Winnetka II,13,Winnetka II - 13,,
nndz-WkNTNXc3Nzg%3D,Edgewood Valley,13,Edgewood Valley - 13 SW,,
nndz-WkNTNXc3NzU%3D,Glen Ellyn,13,Glen Ellyn - 13 SW,,
nndz-WkNTNXc3Lzk%3D,Hinsdale GC,13,Hinsdale GC - 13 SW,,
nndz-WkNTNXc3NzY%3D,Hinsdale PC I,13,Hinsdale PC I - 13 SW,,
nndz-WkNPOHhybjU%3D,Hinsdale PC II,13,Hinsdale PC II - 13 SW,,
nndz-WkNTNXc3ejU%3D,LaGrange CC,13,LaGrange CC - 13 SW,,
nndz-WkNPOHhybjQ%3D,Medinah,13,Medinah - 13 SW,,
nndz-WkNTNXc3ais%3D,River Forest PD,13,River Forest PD - 13 SW,,
nndz-WkNTNXc3N3c%3D,Ruth Lake,13,Ruth Lake - 13 SW,,
nndz-WkNPOHliLzg%3D,White Eagle,13,White Eagle - 13 SW,,
nndz-WkNld3lML3g%3D,Evanston,14,Evanston - 14,,
nndz-WkNld3lidjU%3D,Lake Bluff,14,Lake Bluff - 14,,
nndz-WkNLd3c3NzY%3D,Lake Forest,14,Lake Forest - 14,,
nndz-WkNld3lMYnc%3D,Midtown - Chicago,14,Midtown - Chicago - 14,,
nndz-WkNld3liZjY%3D,Saddle &amp; Cycle,14,Saddle &amp; Cycle - 14,,
nndz-WkNld3liZjk%3D,Skokie,14,Skokie - 14,,
nndz-WkM2OHlMeng%3D,Tennaqua,14,Tennaqua - 14,,
nndz-WkNld3lMLzk%3D,Westmoreland,14,Westmoreland - 14,,
nndz-WkNld3lMLzg%3D,Winnetka I,14,Winnetka I - 14,,
nndz-WkMrL3hiNy8%3D,Winnetka II,14,Winnetka II - 14,,
nndz-WkM2OHlMMzU%3D,Exmoor,15,Exmoor - 15,,
nndz-WkNld3liajc%3D,Glen View,15,Glen View - 15,,
nndz-WkNDOXhyeis%3D,Glenbrook RC,15,Glenbrook RC - 15,,
nndz-WkNld3liZjc%3D,Lake Bluff,15,Lake Bluff - 15,,
nndz-WkMrL3hiNys%3D,Lifesport-Lshire,15,Lifesport-Lshire - 15,,
nndz-WkNld3liajg%3D,Michigan Shores,15,Michigan Shores - 15,,
nndz-WkNld3liai8%3D,Onwentsia,15,Onwentsia - 15,,
nndz-WkNld3lMbis%3D,Park Ridge CC,15,Park Ridge CC - 15,,
nndz-WkNld3liais%3D,Prairie Club I,15,Prairie Club I - 15,,
nndz-WkM2OHhybng%3D,Prairie Club II,15,Prairie Club II - 15,,
nndz-WkNTL3dyYjc%3D,Sunset Ridge,15,Sunset Ridge - 15,,
nndz-WkNld3liYjU%3D,Valley Lo,15,Valley Lo - 15,,
nndz-WkNTNXdMZng%3D,Chicago Highlands,15,Chicago Highlands - 15 SW,,
nndz-WkNLd3c3cjc%3D,Dunham Woods,15,Dunham Woods - 15 SW,,
nndz-WkNTNXc3cjk%3D,Glen Ellyn,15,Glen Ellyn - 15 SW,,
nndz-WkNDOXg3YjY%3D,Glen Oak,15,Glen Oak - 15 SW,,
nndz-WkNDOXg3Zjk%3D,Hinsdale GC,15,Hinsdale GC - 15 SW,,
nndz-WkNTNXc3Nzc%3D,Hinsdale PC I,15,Hinsdale PC I - 15 SW,,
nndz-WkNTNXc3Lzg%3D,Hinsdale PC II,15,Hinsdale PC II - 15 SW,,
nndz-WkNTNXc3djY%3D,LaGrange CC,15,LaGrange CC - 15 SW,,
nndz-WkNLd3c3cjY%3D,Medinah,15,Medinah - 15 SW,,
nndz-WkM2L3dMei8%3D,Oak Park CC,15,Oak Park CC - 15 SW,,
nndz-WkNTNXc3ejg%3D,Ruth Lake,15,Ruth Lake - 15 SW,,
nndz-WkNTNXc3cjc%3D,Salt Creek,15,Salt Creek - 15 SW,,
nndz-WkNLd3dyYjY%3D,Briarwood,16,Briarwood - 16,,
nndz-WkNDOXhyMzQ%3D,Knollwood,16,Knollwood - 16,,
nndz-WkNLd3c3Nzg%3D,Lake Forest,16,Lake Forest - 16,,
nndz-WkNld3liYjY%3D,North Shore,16,North Shore - 16,,
nndz-WkNDOXhyejg%3D,South Barrington,16,South Barrington - 16,,
nndz-WkNPOHhyajQ%3D,Tennaqua,16,Tennaqua - 16,,
nndz-WkNld3lMLzY%3D,Valley Lo,16,Valley Lo - 16,,
nndz-WkNDOXhyejY%3D,Westmoreland,16,Westmoreland - 16,,
nndz-WkNTL3dybjk%3D,Wilmette PD,16,Wilmette PD - 16,,
nndz-WkMrL3hiN3g%3D,Winnetka,16,Winnetka - 16,,
nndz-WkNld3lMMzg%3D,Birchwood,17,Birchwood - 17,,
nndz-WkNDOXhyNzk%3D,Lake Bluff,17,Lake Bluff - 17,,
nndz-WkNPOHhyajY%3D,Lakeshore S&amp;F,17,Lakeshore S&amp;F - 17,,
nndz-WkNld3lMejk%3D,Prairie Club I,17,Prairie Club I - 17,,
nndz-WkNDOXhycjk%3D,Prairie Club II,17,Prairie Club II - 17,,
nndz-WkNld3lMLzc%3D,Sunset Ridge,17,Sunset Ridge - 17,,
nndz-WkNld3lMMzk%3D,Valley Lo,17,Valley Lo - 17,,
nndz-WkNTL3hiNy8%3D,Wilmette PD,17,Wilmette PD - 17,,
nndz-WkNld3lMeis%3D,Winnetka,17,Winnetka - 17,,
nndz-WkNld3liYi8%3D,Winter Club,17,Winter Club - 17,,
nndz-WkNTNXc3N3g%3D,Butterfield,17,Butterfield - 17 SW,,
nndz-WkNTL3hiNzQ%3D,Chicago Highlands,17,Chicago Highlands - 17 SW,,
nndz-WkNPOHliNzc%3D,Edgewood Valley,17,Edgewood Valley - 17 SW,,
nndz-WkNTNXc3Lzc%3D,Glen Ellyn,17,Glen Ellyn - 17 SW,,
nndz-WkNPOHliNzU%3D,Glen Oak,17,Glen Oak - 17 SW,,
nndz-WkM2L3dMeng%3D,Hinsdale PC I,17,Hinsdale PC I - 17 SW,,
nndz-WkNTNXc3Ly8%3D,Hinsdale PC II,17,Hinsdale PC II - 17 SW,,
nndz-WkNTNXc3L3c%3D,River Forest PD,17,River Forest PD - 17 SW,,
nndz-WkNTNXc3cjQ%3D,Salt Creek I,17,Salt Creek I - 17 SW,,
nndz-WkNTNXc3Nys%3D,Salt Creek II,17,Salt Creek II - 17 SW,,
nndz-WkNld3lMajQ%3D,Evanston,18,Evanston - 18,,
nndz-WkNLd3c3LzU%3D,Glenbrook RC,18,Glenbrook RC - 18,,
nndz-WkNLd3c3Ny8%3D,Midt-Bannockburn,18,Midt-Bannockburn - 18,,
nndz-WkNTNXdiNzc%3D,Midtown - Chicago,18,Midtown - Chicago - 18,,
nndz-WkNld3lMejQ%3D,North Shore,18,North Shore - 18,,
nndz-WkNld3lMLzQ%3D,Skokie,18,Skokie - 18,,
nndz-WkNld3lMei8%3D,Tennaqua,18,Tennaqua - 18,,
nndz-WkNld3lMZng%3D,Wilmette PD,18,Wilmette PD - 18,,
nndz-WkNLd3c3Nys%3D,Winnetka,18,Winnetka - 18,,
nndz-WkNDOXhyeng%3D,Winter Club,18,Winter Club - 18,,
nndz-WkNld3lMdjU%3D,Birchwood,19,Birchwood - 19,,
nndz-WkNDOXhyejk%3D,Bryn Mawr,19,Bryn Mawr - 19,,
nndz-WkNTL3dyYjk%3D,Hawthorn Woods,19,Hawthorn Woods - 19,,
nndz-WkNPOHhydng%3D,Lake Shore CC,19,Lake Shore CC - 19,,
nndz-WkNld3lMejU%3D,Michigan Shores,19,Michigan Shores - 19,,
nndz-WkNld3lMdjg%3D,Prairie Club,19,Prairie Club - 19,,
nndz-WkNld3lMcjg%3D,Skokie,19,Skokie - 19,,
nndz-WkNld3lMM3c%3D,Sunset Ridge,19,Sunset Ridge - 19,,
nndz-WkNTL3dyZjc%3D,Wilmette PD,19,Wilmette PD - 19,,
nndz-WkNLd3c3N3c%3D,Winnetka,19,Winnetka - 19,,
nndz-WkNTNXc3enc%3D,Dunham Woods,19,Dunham Woods - 19 SW,,
nndz-WkNPOHliLzc%3D,Glen Ellyn,19,Glen Ellyn - 19 SW,,
nndz-WkNPOHhyZng%3D,Hinsdale GC,19,Hinsdale GC - 19 SW,,
nndz-WkNTNXc3MzQ%3D,Hinsdale PC,19,Hinsdale PC - 19 SW,,
nndz-WkNTNXc3Mzc%3D,LaGrange CC,19,LaGrange CC - 19 SW,,
nndz-WkNTNXdMZjk%3D,Medinah,19,Medinah - 19 SW,,
nndz-WkNDOXg3Yjk%3D,Oak Park CC,19,Oak Park CC - 19 SW,,
nndz-WkNDOXg3Yi8%3D,River Forest CC,19,River Forest CC - 19 SW,,
nndz-WkNTNXc3Mzk%3D,River Forest PD,19,River Forest PD - 19 SW,,
nndz-WkNTNXc3L3g%3D,Ruth Lake,19,Ruth Lake - 19 SW,,
nndz-WkNLd3c3Lzg%3D,Evanston,20,Evanston - 20,,
nndz-WkNld3lMNys%3D,Exmoor,20,Exmoor - 20,,
nndz-WkNld3lMenc%3D,Indian Hill,20,Indian Hill - 20,,
nndz-WkNPOHhyajg%3D,Lake Forest,20,Lake Forest - 20,,
nndz-WkNld3lMMzQ%3D,Michigan Shores,20,Michigan Shores - 20,,
nndz-WkNld3lMbjY%3D,Tennaqua,20,Tennaqua - 20,,
nndz-WkNDOXhyMzU%3D,Valley Lo,20,Valley Lo - 20,,
nndz-WkNld3lMNzc%3D,Westmoreland,20,Westmoreland - 20,,
nndz-WkNDOXhyei8%3D,Biltmore CC,21,Biltmore CC - 21,,
nndz-WkNld3lMN3g%3D,Knollwood,21,Knollwood - 21,,
nndz-WkNld3lMdjc%3D,Lake Bluff,21,Lake Bluff - 21,,
nndz-WkNTNXdieng%3D,Park Ridge CC,21,Park Ridge CC - 21,,
nndz-WkNLd3c3ajY%3D,Prairie Club,21,Prairie Club - 21,,
nndz-WkNTL3dyYjg%3D,Skokie,21,Skokie - 21,,
nndz-WkNld3lMdi8%3D,Sunset Ridge,21,Sunset Ridge - 21,,
nndz-WkNld3lMYis%3D,Wilmette PD I,21,Wilmette PD I - 21,,
nndz-WkNTNXdiNzg%3D,Wilmette PD II,21,Wilmette PD II - 21,,
nndz-WkMrL3hiLzc%3D,Winnetka,21,Winnetka - 21,,
nndz-WkNTNXc3LzU%3D,Butterfield,21,Butterfield - 21 SW,,
nndz-WkNDOXg3Yjg%3D,Edgewood Valley,21,Edgewood Valley - 21 SW,,
nndz-WkNLd3c3cnc%3D,Glen Ellyn,21,Glen Ellyn - 21 SW,,
nndz-WkNPOHliNzY%3D,Glen Oak,21,Glen Oak - 21 SW,,
nndz-WkNTNXc3ejc%3D,Hinsdale GC,21,Hinsdale GC - 21 SW,,
nndz-WkNTNXc3ci8%3D,Hinsdale PC,21,Hinsdale PC - 21 SW,,
nndz-WkNTNXc3MzY%3D,LaGrange CC,21,LaGrange CC - 21 SW,,
nndz-WkNPOHliNzQ%3D,Medinah I,21,Medinah I - 21 SW,,
nndz-WkNDOXg3Zjg%3D,Medinah II,21,Medinah II - 21 SW,,
nndz-WkNTNXdMYnc%3D,Ruth Lake,21,Ruth Lake - 21 SW,,
nndz-WkNTNXc3cnc%3D,Salt Creek,21,Salt Creek - 21 SW,,
nndz-WkNDOXg3Yis%3D,White Eagle,21,White Eagle - 21 SW,,
nndz-WkNld3lMbjg%3D,Barrington Hills CC,22,Barrington Hills CC - 22,,
nndz-WkNDOXhyMzY%3D,Inverness,22,Inverness - 22,,
nndz-WkNTNXdiL3c%3D,Lakeshore S&amp;F,22,Lakeshore S&amp;F - 22,,
nndz-WkMrL3hiLy8%3D,Lifesport-Lshire,22,Lifesport-Lshire - 22,,
nndz-WkNDOXhybjU%3D,Midtown - Chicago,22,Midtown - Chicago - 22,,
nndz-WkNld3lMcjk%3D,North Shore,22,North Shore - 22,,
nndz-WkNld3lMNzQ%3D,Tennaqua,22,Tennaqua - 22,,
nndz-WkNld3lMdis%3D,Valley Lo,22,Valley Lo - 22,,
nndz-WkMrL3hiLys%3D,Winnetka I,22,Winnetka I - 22,,
nndz-WkNDOXhycjY%3D,Winnetka II,22,Winnetka II - 22,,
nndz-WkNDOXhyM3c%3D,Biltmore CC,23,Biltmore CC - 23,,
nndz-WkNld3lMajU%3D,Briarwood,23,Briarwood - 23,,
nndz-WkMrK3dicis%3D,BYE,23,BYE - 23,,
nndz-WkNTNXdiLzQ%3D,Knollwood,23,Knollwood - 23,,
nndz-WkNld3lMMzU%3D,Lake Shore CC,23,Lake Shore CC - 23,,
nndz-WkM2OHlMM3g%3D,Prairie Club,23,Prairie Club - 23,,
nndz-WkNld3lMYjk%3D,Skokie,23,Skokie - 23,,
nndz-WkMrL3hidng%3D,South Barrington,23,South Barrington - 23,,
nndz-WkNld3liZis%3D,Wilmette PD,23,Wilmette PD - 23,,
nndz-WkNld3lMdng%3D,Winter Club,23,Winter Club - 23,,
nndz-WkNTNXdMZjQ%3D,BYE,23,BYE - 23 SW,,
nndz-WkNPOHhyZnc%3D,Chicago Highlands,23,Chicago Highlands - 23 SW,,
nndz-WkNTNXc3ejk%3D,Glen Ellyn,23,Glen Ellyn - 23 SW,,
nndz-WkNPOHliLzk%3D,Glen Oak,23,Glen Oak - 23 SW,,
nndz-WkNTNXdMYis%3D,Hinsdale GC,23,Hinsdale GC - 23 SW,,
nndz-WkNTNXc3cis%3D,Hinsdale PC,23,Hinsdale PC - 23 SW,,
nndz-WkNTNXdMZjU%3D,LaGrange CC,23,LaGrange CC - 23 SW,,
nndz-WkM2L3dMM3c%3D,Oak Park CC,23,Oak Park CC - 23 SW,,
nndz-WkNTL3hiNzY%3D,River Forest PD,23,River Forest PD - 23 SW,,
nndz-WkNTNXc3cng%3D,Salt Creek I,23,Salt Creek I - 23 SW,,
nndz-WkNTNXc3ejY%3D,Salt Creek II,23,Salt Creek II - 23 SW,,
nndz-WkNDOXg3ZjY%3D,White Eagle,23,White Eagle - 23 SW,,
nndz-WkNld3lMZnc%3D,Birchwood,24,Birchwood - 24,,
nndz-WkNld3lMbjU%3D,Exmoor,24,Exmoor - 24,,
nndz-WkNld3lMeng%3D,Glen View,24,Glen View - 24,,
nndz-WkNLd3c3LzQ%3D,Lake Forest,24,Lake Forest - 24,,
nndz-WkNTNXdiNzQ%3D,Michigan Shores,24,Michigan Shores - 24,,
nndz-WkNTNXdicjQ%3D,Park Ridge CC,24,Park Ridge CC - 24,,
nndz-WkNDOXhyajk%3D,Tennaqua,24,Tennaqua - 24,,
nndz-WkNDOXhyMzk%3D,Valley Lo,24,Valley Lo - 24,,
nndz-WkNTL3dyYnc%3D,Winnetka,24,Winnetka - 24,,
nndz-WkNTNXdiMy8%3D,Winter Club,24,Winter Club - 24,,
nndz-WkNPOHhyZjU%3D,Evanston,25,Evanston - 25,,
nndz-WkNld3lMZjQ%3D,Indian Hill,25,Indian Hill - 25,,
nndz-WkNLd3c3N3g%3D,Lake Bluff,25,Lake Bluff - 25,,
nndz-WkNLd3c3Lzc%3D,Midt-Bannockburn,25,Midt-Bannockburn - 25,,
nndz-WkNld3lMdjk%3D,Onwentsia,25,Onwentsia - 25,,
nndz-WkNLd3c3Mys%3D,Park Ridge CC,25,Park Ridge CC - 25,,
nndz-WkNTNXdieis%3D,Prairie Club,25,Prairie Club - 25,,
nndz-WkM2OHlMM3c%3D,Skokie,25,Skokie - 25,,
nndz-WkNTNXdiei8%3D,South Barrington,25,South Barrington - 25,,
nndz-WkNld3lMZjg%3D,Westmoreland,25,Westmoreland - 25,,
nndz-WkNld3lMejg%3D,Wilmette PD,25,Wilmette PD - 25,,
nndz-WkNDOXhybjc%3D,Winnetka,25,Winnetka - 25,,
nndz-WkNTNXc3ei8%3D,Butterfield,25,Butterfield - 25 SW,,
nndz-WkNPOHliNzk%3D,Chicago Highlands,25,Chicago Highlands - 25 SW,,
nndz-WkNPOHliLzQ%3D,Edgewood Valley,25,Edgewood Valley - 25 SW,,
nndz-WkNPOHliNzg%3D,Glen Oak I,25,Glen Oak I - 25 SW,,
nndz-WkMrL3hicjY%3D,Glen Oak II,25,Glen Oak II - 25 SW,,
nndz-WkNLd3c3cis%3D,Hinsdale PC I,25,Hinsdale PC I - 25 SW,,
nndz-WkNTNXdMYjg%3D,Hinsdale PC II,25,Hinsdale PC II - 25 SW,,
nndz-WkNTNXc3Mzg%3D,LaGrange CC,25,LaGrange CC - 25 SW,,
nndz-WkNTNXc3eng%3D,Medinah,25,Medinah - 25 SW,,
nndz-WkMrL3hicjc%3D,Oak Park CC,25,Oak Park CC - 25 SW,,
nndz-WkNTNXc3Lys%3D,Ruth Lake,25,Ruth Lake - 25 SW,,
nndz-WkNTNXdMYi8%3D,Salt Creek,25,Salt Creek - 25 SW,,
nndz-WkNPOHhyai8%3D,Birchwood,26,Birchwood - 26,,
nndz-WkNPOHhyais%3D,Indian Hill,26,Indian Hill - 26,,
nndz-WkMrL3hidnc%3D,Inverness,26,Inverness - 26,,
nndz-WkNld3lMdjY%3D,North Shore,26,North Shore - 26,,
nndz-WkNld3lMcnc%3D,Northmoor,26,Northmoor - 26,,
nndz-WkNTNXdidjQ%3D,Prairie Club,26,Prairie Club - 26,,
nndz-WkNDOXhycjc%3D,Sunset Ridge,26,Sunset Ridge - 26,,
nndz-WkNld3lMYng%3D,Tennaqua,26,Tennaqua - 26,,
nndz-WkNld3lMbi8%3D,Wilmette PD,26,Wilmette PD - 26,,
nndz-WkNDOXhyajg%3D,Winnetka,26,Winnetka - 26,,
nndz-WkNTNXc3ZjY%3D,Barrington Hills CC,27,Barrington Hills CC - 27,,
nndz-WkNTNXdiLzU%3D,Evanston,27,Evanston - 27,,
nndz-WkNld3lMang%3D,Knollwood,27,Knollwood - 27,,
nndz-WkNld3lMajc%3D,Lake Bluff,27,Lake Bluff - 27,,
nndz-WkM2OHlMcjQ%3D,Northmoor,27,Northmoor - 27,,
nndz-WkNld3lManc%3D,Prairie Club,27,Prairie Club - 27,,
nndz-WkNTL3dyZjU%3D,Skokie,27,Skokie - 27,,
nndz-WkNTNXdiN3g%3D,Westmoreland,27,Westmoreland - 27,,
nndz-WkNTNXdiejk%3D,Wilmette PD,27,Wilmette PD - 27,,
nndz-WkMrL3hiajU%3D,Winnetka,27,Winnetka - 27,,
nndz-WkM2L3dMMzY%3D,Dunham Woods,27,Dunham Woods - 27 SW,,
nndz-WkMrL3hicjk%3D,Glen Ellyn,27,Glen Ellyn - 27 SW,,
nndz-WkNPOHliLzY%3D,Glen Oak,27,Glen Oak - 27 SW,,
nndz-WkNLd3c3djU%3D,Hinsdale GC,27,Hinsdale GC - 27 SW,,
nndz-WkNPOHliLys%3D,Hinsdale PC,27,Hinsdale PC - 27 SW,,
nndz-WkNDOXg3Ync%3D,Medinah,27,Medinah - 27 SW,,
nndz-WkNDOXg3ZjU%3D,Oak Park CC,27,Oak Park CC - 27 SW,,
nndz-WkM2L3dMMzc%3D,River Forest CC,27,River Forest CC - 27 SW,,
nndz-WkNLd3c3ci8%3D,Salt Creek,27,Salt Creek - 27 SW,,
nndz-WkM2L3dMM3g%3D,White Eagle,27,White Eagle - 27 SW,,
nndz-WkNld3lMdjQ%3D,Hawthorn Woods,28,Hawthorn Woods - 28,,
nndz-WkNLd3c3L3g%3D,Lake Forest,28,Lake Forest - 28,,
nndz-WkMrL3hiajQ%3D,Lifesport-Lshire,28,Lifesport-Lshire - 28,,
nndz-WkNTNXdiajc%3D,Park Ridge CC,28,Park Ridge CC - 28,,
nndz-WkNld3lMZjY%3D,Prairie Club,28,Prairie Club - 28,,
nndz-WkNld3lMNzU%3D,Saddle &amp; Cycle,28,Saddle &amp; Cycle - 28,,
nndz-WkMrL3hiajc%3D,Skokie,28,Skokie - 28,,
nndz-WkNTNXdiLzY%3D,Tennaqua,28,Tennaqua - 28,,
nndz-WkNld3lMajg%3D,Valley Lo,28,Valley Lo - 28,,
nndz-WkNDOXhybnc%3D,Wilmette PD,28,Wilmette PD - 28,,
nndz-WkNTNXdibjk%3D,Evanston,29,Evanston - 29,,
nndz-WkM2OHlMcjU%3D,Glen View,29,Glen View - 29,,
nndz-WkNld3lMYjU%3D,Michigan Shores,29,Michigan Shores - 29,,
nndz-WkNTNXdibjU%3D,Park Ridge CC,29,Park Ridge CC - 29,,
nndz-WkM2L3dMejY%3D,Royal Melbourne,29,Royal Melbourne - 29,,
nndz-WkNld3lMajk%3D,Skokie,29,Skokie - 29,,
nndz-WkNld3lMZjk%3D,Valley Lo,29,Valley Lo - 29,,
nndz-WkNPOHhybjk%3D,Winnetka I,29,Winnetka I - 29,,
nndz-WkNLd3c3ejc%3D,Winnetka II,29,Winnetka II - 29,,
nndz-WkNld3lMais%3D,Winter Club,29,Winter Club - 29,,
nndz-WkM2L3dMMzU%3D,Butterfield,29,Butterfield - 29 SW,,
nndz-WkNTNXc3eis%3D,Chicago Highlands,29,Chicago Highlands - 29 SW,,
nndz-WkM2L3dMMzk%3D,Edgewood Valley,29,Edgewood Valley - 29 SW,,
nndz-WkMrL3hicjg%3D,Hinsdale PC,29,Hinsdale PC - 29 SW,,
nndz-WkM2L3dMMzQ%3D,LaGrange CC,29,LaGrange CC - 29 SW,,
nndz-WkMrL3hici8%3D,Medinah,29,Medinah - 29 SW,,
nndz-WkNDOXg3ZjQ%3D,Oak Park CC,29,Oak Park CC - 29 SW,,
nndz-WkNDOXg3Zjc%3D,River Forest CC,29,River Forest CC - 29 SW,,
nndz-WkNLd3c3djY%3D,Ruth Lake,29,Ruth Lake - 29 SW,,
nndz-WkMrL3hicis%3D,White Eagle,29,White Eagle - 29 SW,,
nndz-WkNTNXdicjY%3D,Birchwood,30,Birchwood - 30,,
nndz-WkNTL3hiLzc%3D,Evanston,30,Evanston - 30,,
nndz-WkNTL3dyZjQ%3D,Indian Hill,30,Indian Hill - 30,,
nndz-WkNDOXhyai8%3D,Inverness,30,Inverness - 30,,
nndz-WkNTNXdiejg%3D,Michigan Shores,30,Michigan Shores - 30,,
nndz-WkNTNXdidjY%3D,Midtown - Chicago,30,Midtown - Chicago - 30,,
nndz-WkNTNXdiNzY%3D,North Shore,30,North Shore - 30,,
nndz-WkNLd3c3M3g%3D,Prairie Club,30,Prairie Club - 30,,
nndz-WkNPOHhybjY%3D,Tennaqua,30,Tennaqua - 30,,
nndz-WkNTNXdiejc%3D,Valley Lo,30,Valley Lo - 30,,
nndz-WkNDOXhyais%3D,Wilmette PD,30,Wilmette PD - 30,,
nndz-WkMrL3hiai8%3D,Winnetka,30,Winnetka - 30,,
nndz-WkNDOXhyZjg%3D,Evanston,31,Evanston - 31,,
nndz-WkNLd3c3My8%3D,Knollwood,31,Knollwood - 31,,
nndz-WkNLd3c3ejQ%3D,Midt-Bannockburn,31,Midt-Bannockburn - 31,,
nndz-WkNLd3hMLzc%3D,Northmoor,31,Northmoor - 31,,
nndz-WkNLd3c3ejU%3D,Skokie,31,Skokie - 31,,
nndz-WkNld3lMbng%3D,South Barrington,31,South Barrington - 31,,
nndz-WkNTNXdiLzc%3D,Sunset Ridge,31,Sunset Ridge - 31,,
nndz-WkNTNXdiNy8%3D,Valley Lo,31,Valley Lo - 31,,
nndz-WkNPOHhybng%3D,Westmoreland,31,Westmoreland - 31,,
nndz-WkNPOHhyYjg%3D,Wilmette PD,31,Wilmette PD - 31,,
nndz-WkNLd3hiLzg%3D,Chicago Highlands,31,Chicago Highlands - 31 SW,,
nndz-WkMrL3hicng%3D,Dunham Woods,31,Dunham Woods - 31 SW,,
nndz-WkM2L3dMMy8%3D,Hinsdale GC,31,Hinsdale GC - 31 SW,,
nndz-WkNTL3hiYnc%3D,Hinsdale PC,31,Hinsdale PC - 31 SW,,
nndz-WkNTNXdMZjg%3D,LaGrange CC,31,LaGrange CC - 31 SW,,
nndz-WkMrL3hicnc%3D,Oak Park CC,31,Oak Park CC - 31 SW,,
nndz-WkNTNXc3Nzk%3D,Salt Creek,31,Salt Creek - 31 SW,,
nndz-WkMrL3hidjU%3D,White Eagle,31,White Eagle - 31 SW,,
nndz-WkM2OHlMcis%3D,Indian Hill,32,Indian Hill - 32,,
nndz-WkNPOHhyYjY%3D,Inverness,32,Inverness - 32,,
nndz-WkNTNXdidnc%3D,Michigan Shores,32,Michigan Shores - 32,,
nndz-WkMrL3hibnc%3D,Midtown - Chicago,32,Midtown - Chicago - 32,,
nndz-WkNPOHhybi8%3D,North Shore,32,North Shore - 32,,
nndz-WkNTNXdibjc%3D,Park Ridge CC,32,Park Ridge CC - 32,,
nndz-WkNld3lMYjc%3D,Prairie Club I,32,Prairie Club I - 32,,
nndz-WkNTNXdiLy8%3D,Prairie Club II,32,Prairie Club II - 32,,
nndz-WkNTL3hiNzg%3D,Tennaqua,32,Tennaqua - 32,,
nndz-WkNPOHhyYjU%3D,Wilmette PD,32,Wilmette PD - 32,,
nndz-WkNTNXdiN3c%3D,Briarwood,33,Briarwood - 33,,
nndz-WkNDOXhyYjY%3D,Bryn Mawr,33,Bryn Mawr - 33,,
nndz-WkNLd3c3Mzk%3D,Lakeshore S&amp;F,33,Lakeshore S&amp;F - 33,,
nndz-WkNTNXdiMzY%3D,Prairie Club,33,Prairie Club - 33,,
nndz-WkNTL3dyZjY%3D,Sunset Ridge,33,Sunset Ridge - 33,,
nndz-WkNTNXdiajQ%3D,Westmoreland,33,Westmoreland - 33,,
nndz-WkNPOHhybjc%3D,Wilmette PD I,33,Wilmette PD I - 33,,
nndz-WkNPOHhybnc%3D,Wilmette PD II,33,Wilmette PD II - 33,,
nndz-WkNPOHhyZjY%3D,Evanston,34,Evanston - 34,,
nndz-WkNDOXliM3c%3D,Exmoor,34,Exmoor - 34,,
nndz-WkNTNXdiajg%3D,Lake Bluff,34,Lake Bluff - 34,,
nndz-WkNTNXdiai8%3D,Michigan Shores,34,Michigan Shores - 34,,
nndz-WkNPOHhyZi8%3D,Park Ridge CC,34,Park Ridge CC - 34,,
nndz-WkM2L3dMLy8%3D,Prairie Club,34,Prairie Club - 34,,
nndz-WkNDOXhyYjc%3D,Skokie,34,Skokie - 34,,
nndz-WkNTNXdidng%3D,Tennaqua,34,Tennaqua - 34,,
nndz-WkNLd3c3MzU%3D,Wilmette PD,34,Wilmette PD - 34,,
nndz-WkNLd3c3ejY%3D,Winter Club,34,Winter Club - 34,,
nndz-WkNPOHhyZjk%3D,Evanston,35,Evanston - 35,,
nndz-WkNTNXdiL3g%3D,Lake Bluff,35,Lake Bluff - 35,,
nndz-WkNLd3c3Lzk%3D,Lake Forest,35,Lake Forest - 35,,
nndz-WkNTNXdidjk%3D,North Shore,35,North Shore - 35,,
nndz-WkNDOXhyZi8%3D,Park Ridge CC,35,Park Ridge CC - 35,,
nndz-WkNTNXdiais%3D,Prairie Club,35,Prairie Club - 35,,
nndz-WkNTNXdicjU%3D,Skokie,35,Skokie - 35,,
nndz-WkNTNXdicng%3D,Sunset Ridge,35,Sunset Ridge - 35,,
nndz-WkNTNXdianc%3D,Westmoreland,35,Westmoreland - 35,,
nndz-WkMrL3hiYjQ%3D,Winnetka,35,Winnetka - 35,,
nndz-WkNDOXhyang%3D,Biltmore CC,36,Biltmore CC - 36,,
nndz-WkM2L3dML3c%3D,Evanston,36,Evanston - 36,,
nndz-WkNTNXdiM3c%3D,Exmoor,36,Exmoor - 36,,
nndz-WkNTNXdiajk%3D,Knollwood,36,Knollwood - 36,,
nndz-WkNTNXdiMzQ%3D,Lake Shore CC,36,Lake Shore CC - 36,,
nndz-WkNPOHhyYjQ%3D,Midtown - Chicago,36,Midtown - Chicago - 36,,
nndz-WkNTNXdici8%3D,North Shore,36,North Shore - 36,,
nndz-WkNDOXliM3g%3D,Prairie Club,36,Prairie Club - 36,,
nndz-WkNLd3hiejY%3D,Tennaqua,36,Tennaqua - 36,,
nndz-WkNTNXdidjc%3D,Valley Lo,36,Valley Lo - 36,,
nndz-WkNDOXhyZnc%3D,Barrington Hills CC,37,Barrington Hills CC - 37,,
nndz-WkMrL3hiYjY%3D,Birchwood,37,Birchwood - 37,,
nndz-WkMrL3hiYjg%3D,Indian Hill,37,Indian Hill - 37,,
nndz-WkNDOXhyZjk%3D,Inverness,37,Inverness - 37,,
nndz-WkNPOHhyYjk%3D,Lake Bluff,37,Lake Bluff - 37,,
nndz-WkM2L3dML3g%3D,Park Ridge CC,37,Park Ridge CC - 37,,
nndz-WkNTNXdibjQ%3D,Prairie Club,37,Prairie Club - 37,,
nndz-WkMrL3hiYi8%3D,Royal Melbourne,37,Royal Melbourne - 37,,
nndz-WkNDOXhyZng%3D,Skokie,37,Skokie - 37,,
nndz-WkNLd3c3eng%3D,Valley Lo,37,Valley Lo - 37,,
nndz-WkMrL3hiYjk%3D,Winnetka,37,Winnetka - 37,,
nndz-WkNTNXc3ZjU%3D,Winter Club,37,Winter Club - 37,,
nndz-WkNDOXliNzU%3D,Biltmore CC,38,Biltmore CC - 38,,
nndz-WkNTNXdiLys%3D,Briarwood,38,Briarwood - 38,,
nndz-WkMrL3hiZjU%3D,BYE,38,BYE - 38,,
nndz-WkNPOHhyYnc%3D,Glen View,38,Glen View - 38,,
nndz-WkNLd3c3MzQ%3D,Lake Bluff,38,Lake Bluff - 38,,
nndz-WkNTNXdiMzc%3D,Michigan Shores,38,Michigan Shores - 38,,
nndz-WkNDOXliNzY%3D,Park RIdge CC,38,Park RIdge CC - 38,,
nndz-WkM2L3dMejk%3D,Skokie,38,Skokie - 38,,
nndz-WkNPOHhybis%3D,Tennaqua,38,Tennaqua - 38,,
nndz-WkNDOXhyZis%3D,Valley Lo,38,Valley Lo - 38,,
nndz-WkNTNXdibjg%3D,Birchwood,39,Birchwood - 39,,
nndz-WkNld3lMZjU%3D,Hawthorn Woods,39,Hawthorn Woods - 39,,
nndz-WkNTNXc3ZjQ%3D,Indian Hill,39,Indian Hill - 39,,
nndz-WkNLd3c3ejg%3D,Lake Forest,39,Lake Forest - 39,,
nndz-WkM2L3dMejU%3D,Midt-Bannockburn,39,Midt-Bannockburn - 39,,
nndz-WkMrL3hiYis%3D,Prairie Club,39,Prairie Club - 39,,
nndz-WkNTNXc3Yng%3D,Skokie,39,Skokie - 39,,
nndz-WkNPOHhyZjc%3D,South Barrington,39,South Barrington - 39,,
nndz-WkNTNXc3Ync%3D,Valley Lo,39,Valley Lo - 39,,
nndz-WkNPOHhyYis%3D,Wilmette PD,39,Wilmette PD - 39,,
nndz-WkMrL3hiYng%3D,Exmoor,40,Exmoor - 40,,
nndz-WkNTNXdiajY%3D,Lake Bluff,40,Lake Bluff - 40,,
nndz-WkMrL3hiZjQ%3D,Lake Forest,40,Lake Forest - 40,,
nndz-WkM2L3dMejc%3D,Prairie Club,40,Prairie Club - 40,,
nndz-WkNTNXdiejQ%3D,Sunset Ridge,40,Sunset Ridge - 40,,
nndz-WkNLd3c3M3c%3D,Tennaqua,40,Tennaqua - 40,,
nndz-WkNTNXdicnc%3D,Westmoreland,40,Westmoreland - 40,,
nndz-WkMrL3hiYnc%3D,Wilmette PD,40,Wilmette PD - 40,,
nndz-WkM2L3dMLzg%3D,Winnetka,40,Winnetka - 40,,
nndz-WkM2L3dMejQ%3D,Winter Club,40,Winter Club - 40,,
nndz-WkNPNXdMbjc%3D,Wilmette 99 A,,Wilmette 99 A,,
nndz-WkNPNXdMbjY%3D,Wilmette 99 B,,Wilmette 99 B,,
nndz-WkNPNXdMbjk%3D,Wilmette 99 C,,Wilmette 99 C,,
nndz-WkNPNXdMbjg%3D,Wilmette 99 D,,Wilmette 99 D,,
nndz-WkNPNXdMbi8%3D,Wilmette 99 E,,Wilmette 99 E,,
nndz-WkNPNXdMbis%3D,Wilmette 99 F,,Wilmette 99 F,,
nndz-WkNPNXdMYjU%3D,Winnetka 99 A,,Winnetka 99 A,,
nndz-WkNPNXdMYjc%3D,Winnetka 99 B,,Winnetka 99 B,,
nndz-WkNPNXdMYjQ%3D,Winnetka 99 C,,Winnetka 99 C,,
nndz-WkNPNXdMYjY%3D,Winnetka 99 D,,Winnetka 99 D,,
